{
    "confidence_score": 0.8687229156494141,
    "ptm": 0.9382407665252686,
    "iptm": 0.9271733164787292,
    "ligand_iptm": 0.9271733164787292,
    "protein_iptm": 0.0,
    "complex_plddt": 0.8541103601455688,
    "complex_iplddt": 0.8026705384254456,
    "complex_pde": 0.43670889735221863,
    "complex_ipde": 0.647368848323822,
    "chains_ptm": {
        "0": 0.9426292181015015,
        "1": 0.754429817199707
    },
    "pair_chains_iptm": {
        "0": {
            "0": 0.9426292181015015,
            "1": 0.5382457375526428
        },
        "1": {
            "0": 0.9271733164787292,
            "1": 0.754429817199707
        }
    }
}