{
    "confidence_score": 0.48593568801879883,
    "ptm": 0.5074818730354309,
    "iptm": 0.4853295683860779,
    "ligand_iptm": 0.4853295683860779,
    "protein_iptm": 0.0,
    "complex_plddt": 0.48608723282814026,
    "complex_iplddt": 0.41293877363204956,
    "complex_pde": 1.8654857873916626,
    "complex_ipde": 3.876230478286743,
    "chains_ptm": {
        "0": 0.5169046521186829,
        "1": 0.6902731657028198
    },
    "pair_chains_iptm": {
        "0": {
            "0": 0.5169046521186829,
            "1": 0.16038745641708374
        },
        "1": {
            "0": 0.4853295683860779,
            "1": 0.6902731657028198
        }
    }
}