{
    "confidence_score": 0.9007169008255005,
    "ptm": 0.9505839943885803,
    "iptm": 0.9189364314079285,
    "ligand_iptm": 0.9189364314079285,
    "protein_iptm": 0.0,
    "complex_plddt": 0.8961620330810547,
    "complex_iplddt": 0.8399047255516052,
    "complex_pde": 0.3668719530105591,
    "complex_ipde": 0.5198672413825989,
    "chains_ptm": {
        "0": 0.9599401950836182,
        "1": 0.7285722494125366
    },
    "pair_chains_iptm": {
        "0": {
            "0": 0.9599401950836182,
            "1": 0.505424976348877
        },
        "1": {
            "0": 0.9189364314079285,
            "1": 0.7285722494125366
        }
    }
}