{
    "confidence_score": 0.47505852580070496,
    "ptm": 0.32469114661216736,
    "iptm": 0.08267189562320709,
    "ligand_iptm": 0.0,
    "protein_iptm": 0.0,
    "complex_plddt": 0.5731551647186279,
    "complex_iplddt": 0.5527451038360596,
    "complex_pde": 1.4232614040374756,
    "complex_ipde": 6.06842565536499,
    "chains_ptm": {
        "0": 0.4838412404060364,
        "1": 0.6516029238700867
    },
    "pair_chains_iptm": {
        "0": {
            "0": 0.4838412404060364,
            "1": 0.041845373809337616
        },
        "1": {
            "0": 0.08267189562320709,
            "1": 0.6516029238700867
        }
    }
}