{
    "confidence_score": 0.7800848484039307,
    "ptm": 0.837472677230835,
    "iptm": 0.7172553539276123,
    "ligand_iptm": 0.7172553539276123,
    "protein_iptm": 0.0,
    "complex_plddt": 0.7957922220230103,
    "complex_iplddt": 0.6434488296508789,
    "complex_pde": 0.9113435745239258,
    "complex_ipde": 2.7480435371398926,
    "chains_ptm": {
        "0": 0.8758856654167175,
        "1": 0.7075434327125549
    },
    "pair_chains_iptm": {
        "0": {
            "0": 0.8758856654167175,
            "1": 0.36349421739578247
        },
        "1": {
            "0": 0.7172553539276123,
            "1": 0.7075434327125549
        }
    }
}