{
    "confidence_score": 0.7515177130699158,
    "ptm": 0.811935544013977,
    "iptm": 0.7833302021026611,
    "ligand_iptm": 0.7833302021026611,
    "protein_iptm": 0.0,
    "complex_plddt": 0.7435645461082458,
    "complex_iplddt": 0.6229004859924316,
    "complex_pde": 0.7998157143592834,
    "complex_ipde": 2.3052213191986084,
    "chains_ptm": {
        "0": 0.8256310224533081,
        "1": 0.7095650434494019
    },
    "pair_chains_iptm": {
        "0": {
            "0": 0.8256310224533081,
            "1": 0.3307243287563324
        },
        "1": {
            "0": 0.7833302021026611,
            "1": 0.7095650434494019
        }
    }
}