{
    "confidence_score": 0.3749626874923706,
    "ptm": 0.2787574827671051,
    "iptm": 0.229093536734581,
    "ligand_iptm": 0.0,
    "protein_iptm": 0.0,
    "complex_plddt": 0.4114299714565277,
    "complex_iplddt": 0.31965959072113037,
    "complex_pde": 1.788765788078308,
    "complex_ipde": 3.00895094871521,
    "chains_ptm": {
        "0": 0.337436705827713,
        "1": 0.6732656955718994
    },
    "pair_chains_iptm": {
        "0": {
            "0": 0.337436705827713,
            "1": 0.04313157871365547
        },
        "1": {
            "0": 0.229093536734581,
            "1": 0.6732656955718994
        }
    }
}