{
    "confidence_score": 0.4204683005809784,
    "ptm": 0.43178054690361023,
    "iptm": 0.24868814647197723,
    "ligand_iptm": 0.24868814647197723,
    "protein_iptm": 0.0,
    "complex_plddt": 0.4634133279323578,
    "complex_iplddt": 0.2928515076637268,
    "complex_pde": 2.0390610694885254,
    "complex_ipde": 4.949415683746338,
    "chains_ptm": {
        "0": 0.4839814603328705,
        "1": 0.7144988775253296
    },
    "pair_chains_iptm": {
        "0": {
            "0": 0.4839814603328705,
            "1": 0.10818352550268173
        },
        "1": {
            "0": 0.24868814647197723,
            "1": 0.7144988775253296
        }
    }
}