{
    "confidence_score": 0.7332887053489685,
    "ptm": 0.7468427419662476,
    "iptm": 0.0,
    "ligand_iptm": 0.0,
    "protein_iptm": 0.0,
    "complex_plddt": 0.7299001216888428,
    "complex_iplddt": 0.0,
    "complex_pde": 0.7196038961410522,
    "complex_ipde": 0.0,
    "chains_ptm": {
        "0": 0.7468427419662476
    },
    "pair_chains_iptm": {
        "0": {
            "0": 0.7468427419662476
        }
    }
}