{
    "confidence_score": 0.8930273056030273,
    "ptm": 0.9474120140075684,
    "iptm": 0.9450134634971619,
    "ligand_iptm": 0.9450134634971619,
    "protein_iptm": 0.0,
    "complex_plddt": 0.8800308108329773,
    "complex_iplddt": 0.8246590495109558,
    "complex_pde": 0.39251673221588135,
    "complex_ipde": 0.5683865547180176,
    "chains_ptm": {
        "0": 0.9488098621368408,
        "1": 0.7672436833381653
    },
    "pair_chains_iptm": {
        "0": {
            "0": 0.9488098621368408,
            "1": 0.5523967742919922
        },
        "1": {
            "0": 0.9450134634971619,
            "1": 0.7672436833381653
        }
    }
}