{
    "confidence_score": 0.867156982421875,
    "ptm": 0.9212315678596497,
    "iptm": 0.9351386427879333,
    "ligand_iptm": 0.9351386427879333,
    "protein_iptm": 0.0,
    "complex_plddt": 0.850161612033844,
    "complex_iplddt": 0.7928836345672607,
    "complex_pde": 0.446037232875824,
    "complex_ipde": 0.7438685894012451,
    "chains_ptm": {
        "0": 0.922066867351532,
        "1": 0.7602277398109436
    },
    "pair_chains_iptm": {
        "0": {
            "0": 0.922066867351532,
            "1": 0.4743117392063141
        },
        "1": {
            "0": 0.9351386427879333,
            "1": 0.7602277398109436
        }
    }
}