target,length,iteration,apo_holo_rmsd,complex_plddt,iptm,helix_loss
7v11,132,1,3.0720417,0.7435645461082458,0.7833302021026611,-0.03390241328319099
