{
    "confidence_score": 0.3570830225944519,
    "ptm": 0.2775135934352875,
    "iptm": 0.05430028215050697,
    "ligand_iptm": 0.0,
    "protein_iptm": 0.0,
    "complex_plddt": 0.4327786862850189,
    "complex_iplddt": 0.41929560899734497,
    "complex_pde": 2.177297353744507,
    "complex_ipde": 6.36306619644165,
    "chains_ptm": {
        "0": 0.3110456168651581,
        "1": 0.6540836095809937
    },
    "pair_chains_iptm": {
        "0": {
            "0": 0.3110456168651581,
            "1": 0.03307925909757614
        },
        "1": {
            "0": 0.05430028215050697,
            "1": 0.6540836095809937
        }
    }
}