{
    "confidence_score": 0.9045370221138,
    "ptm": 0.9085289835929871,
    "iptm": 0.0,
    "ligand_iptm": 0.0,
    "protein_iptm": 0.0,
    "complex_plddt": 0.9035390019416809,
    "complex_iplddt": 0.0,
    "complex_pde": 0.3490619361400604,
    "complex_ipde": 0.0,
    "chains_ptm": {
        "0": 0.9085289835929871
    },
    "pair_chains_iptm": {
        "0": {
            "0": 0.9085289835929871
        }
    }
}