{
    "confidence_score": 0.6435471773147583,
    "ptm": 0.7032043933868408,
    "iptm": 0.4383055865764618,
    "ligand_iptm": 0.4383055865764618,
    "protein_iptm": 0.0,
    "complex_plddt": 0.6948575377464294,
    "complex_iplddt": 0.46729692816734314,
    "complex_pde": 1.24069344997406,
    "complex_ipde": 3.8051443099975586,
    "chains_ptm": {
        "0": 0.7846099734306335,
        "1": 0.6838337779045105
    },
    "pair_chains_iptm": {
        "0": {
            "0": 0.7846099734306335,
            "1": 0.1150059849023819
        },
        "1": {
            "0": 0.4383055865764618,
            "1": 0.6838337779045105
        }
    }
}