{
    "confidence_score": 0.843945324420929,
    "ptm": 0.9118050336837769,
    "iptm": 0.0,
    "ligand_iptm": 0.0,
    "protein_iptm": 0.0,
    "complex_plddt": 0.8269804120063782,
    "complex_iplddt": 0.0,
    "complex_pde": 0.4029857814311981,
    "complex_ipde": 0.0,
    "chains_ptm": {
        "0": 0.9118050336837769
    },
    "pair_chains_iptm": {
        "0": {
            "0": 0.9118050336837769
        }
    }
}