{
    "confidence_score": 0.42182883620262146,
    "ptm": 0.31656965613365173,
    "iptm": 0.09760566055774689,
    "ligand_iptm": 0.0,
    "protein_iptm": 0.0,
    "complex_plddt": 0.5028846263885498,
    "complex_iplddt": 0.5245914459228516,
    "complex_pde": 1.5088396072387695,
    "complex_ipde": 4.90073299407959,
    "chains_ptm": {
        "0": 0.3922911584377289,
        "1": 0.7417633533477783
    },
    "pair_chains_iptm": {
        "0": {
            "0": 0.3922911584377289,
            "1": 0.04195234179496765
        },
        "1": {
            "0": 0.09760566055774689,
            "1": 0.7417633533477783
        }
    }
}