{
    "confidence_score": 0.6874886155128479,
    "ptm": 0.7297400236129761,
    "iptm": 0.5670014023780823,
    "ligand_iptm": 0.5670014023780823,
    "protein_iptm": 0.0,
    "complex_plddt": 0.7176104187965393,
    "complex_iplddt": 0.5237728953361511,
    "complex_pde": 1.308868408203125,
    "complex_ipde": 4.0570526123046875,
    "chains_ptm": {
        "0": 0.7818958759307861,
        "1": 0.6963322758674622
    },
    "pair_chains_iptm": {
        "0": {
            "0": 0.7818958759307861,
            "1": 0.22579476237297058
        },
        "1": {
            "0": 0.5670014023780823,
            "1": 0.6963322758674622
        }
    }
}