{
    "confidence_score": 0.8634301424026489,
    "ptm": 0.9093082547187805,
    "iptm": 0.9141117930412292,
    "ligand_iptm": 0.9141117930412292,
    "protein_iptm": 0.0,
    "complex_plddt": 0.850759744644165,
    "complex_iplddt": 0.7939966917037964,
    "complex_pde": 0.5150375366210938,
    "complex_ipde": 0.8589105606079102,
    "chains_ptm": {
        "0": 0.9106347560882568,
        "1": 0.7431782484054565
    },
    "pair_chains_iptm": {
        "0": {
            "0": 0.9106347560882568,
            "1": 0.44554051756858826
        },
        "1": {
            "0": 0.9141117930412292,
            "1": 0.7431782484054565
        }
    }
}