{
    "confidence_score": 0.7622759938240051,
    "ptm": 0.8593670725822449,
    "iptm": 0.5600513219833374,
    "ligand_iptm": 0.5600513219833374,
    "protein_iptm": 0.0,
    "complex_plddt": 0.8128321766853333,
    "complex_iplddt": 0.5983670353889465,
    "complex_pde": 0.8884100914001465,
    "complex_ipde": 2.84716796875,
    "chains_ptm": {
        "0": 0.9404793381690979,
        "1": 0.7123835682868958
    },
    "pair_chains_iptm": {
        "0": {
            "0": 0.9404793381690979,
            "1": 0.2342788428068161
        },
        "1": {
            "0": 0.5600513219833374,
            "1": 0.7123835682868958
        }
    }
}