{
    "confidence_score": 0.2452346384525299,
    "ptm": 0.3690023124217987,
    "iptm": 0.12976780533790588,
    "ligand_iptm": 0.0,
    "protein_iptm": 0.0,
    "complex_plddt": 0.2741013467311859,
    "complex_iplddt": 0.21595194935798645,
    "complex_pde": 1.3395737409591675,
    "complex_ipde": 8.9467191696167,
    "chains_ptm": {
        "0": 0.18289773166179657,
        "1": 0.6056966185569763
    },
    "pair_chains_iptm": {
        "0": {
            "0": 0.18289773166179657,
            "1": 0.055365707725286484
        },
        "1": {
            "0": 0.12976780533790588,
            "1": 0.6056966185569763
        }
    }
}