{
    "confidence_score": 0.5567910075187683,
    "ptm": 0.43933188915252686,
    "iptm": 0.3712685704231262,
    "ligand_iptm": 0.0,
    "protein_iptm": 0.0,
    "complex_plddt": 0.6031716465950012,
    "complex_iplddt": 0.49969181418418884,
    "complex_pde": 0.7326710224151611,
    "complex_ipde": 1.1109858751296997,
    "chains_ptm": {
        "0": 0.5276184678077698,
        "1": 0.5574274063110352
    },
    "pair_chains_iptm": {
        "0": {
            "0": 0.5276184678077698,
            "1": 0.15023936331272125
        },
        "1": {
            "0": 0.3712685704231262,
            "1": 0.5574274063110352
        }
    }
}